Memoirs,0.1.2,74
argo,0.0.1,74
cssselect,0.0.1,74
csv,1.2.1,75
db,0.0.1,74
efm32gg11b510-pac,0.1.0,75
egui-ark,0.39.0-pre.20,75
evm-indexer,1.1.4,101
f256_pow2_div_pow10_lut,0.1.1,75
ferrite,0.0.1,74
glium_macros,0.0.1,74
gtk-sys,0.17.0,75
hashcom-rs,0.2.0,75
hashids-rs,0.0.0,74
iata,0.8.0-alpha.2,75
icondata_ri,0.0.6,75
infisearch,0.10.0,75
libbreakpad-client-sys,0.1.0,75
lightning-signer-core,0.1.0-5,75
lpc55,0.2.1,75
marked,0.3.0,75
mongo,0.0.1,74
oxidation,0.0.1,74
oxide,0.0.1,74
oxygengine-integration-ui-ha,0.30.0,75
oxygengine-network-backend-desktop,0.30.0,75
oxygengine-network-backend-web,0.30.0,75
pact_models,1.0.13,75
raider-server,1.2.2,75
rasciigraph,0.2.0,75
rectangle-device-sandbox,0.1.0,75
release_plz_core,0.9.4,75
ressa,0.8.0,75
rsdocs2docset,0.4.1,75
ruby-parser,0.0.0-dev1,75
ruby-string,0.1.0,75
ruby-sys,0.3.0,75
ruin,0.1.0,74
rustcode,0.0.1,74
serial2,0.1.7,75
servio-http,0.1.0,75
servo,0.0.1,74
shellharden,4.3.0,75
signal-hook-mio,0.2.3,75
slip10,0.4.3,75
spawn-wait,0.2.2,75
spc,0.1.1,75
spc-cli,0.1.0,75
tendermint-light-client,0.32.0,75
tendermint-light-client-detector,0.32.0,75
tomlq-rs,0.1.0,75
unreal-rust,0.1.0,75
unreal_asset,0.1.0,75
wagyu-zcash-parameters-2,0.2.0,75
wasmtime-environ,7.0.1,75
wast,57.0.0,75
wizer,1.6.0,75
